Name,HJD,Kmag,e_Kmag,J-K,e_J-K
HV 12197,2450438.65133,14.524,0.039,0.481,0.045
HV 12197,2450439.57052,14.428,0.026,0.327,0.028
HV 12197,2450439.65912,14.387,0.024,0.354,0.026
HV 12197,2450439.76887,14.399,0.018,0.362,0.020
HV 12197,2450439.86449,14.408,0.030,0.365,0.032
HV 12197,2450440.55941,14.382,0.027,0.417,0.030
HV 12197,2450440.67597,14.387,0.022,0.427,0.027
HV 12197,2450440.79185,14.402,0.017,0.458,0.028
HV 12197,2450441.76019,14.610,0.015,0.403,0.032
HV 12197,2450442.56188,14.430,0.002,0.363,0.043
HV 12197,2450442.67890,14.486,0.021,0.372,0.050
HV 12197,2450442.83072,14.398,0.005,0.385,0.036
HV 12197,2450819.58166,14.620,0.007,0.316,0.073
HV 12197,2450819.68292,14.536,0.036,0.357,0.039
HV 12197,2450819.76907,14.498,0.040,0.366,0.057
HV 12197,2450819.85744,14.532,0.034,0.326,0.048
HV 12197,2450820.65694,14.375,0.020,0.447,0.036
HV 12197,2450820.72873,14.379,0.019,0.473,0.026
HV 12197,2450821.64032,14.474,0.040,0.447,0.057
HV 12197,2450821.73023,14.488,0.079,0.461,0.112
HV 12197,2450822.63444,14.592,0.021,0.395,0.030
HV 12197,2450822.72457,14.588,0.028,0.345,0.054
HV 12197,2450822.79127,14.502,0.072,0.393,0.102
HV 12197,2450823.59622,14.399,0.047,0.410,0.051
HV 12197,2450823.74999,14.360,0.052,0.430,0.074
HV 12197,2450824.63489,14.415,0.028,0.549,0.040
HV 12197,2450824.82358,14.457,0.028,0.495,0.030
HV 12197,2451091.66107,14.369,0.037,0.451,0.052
HV 12197,2451092.72955,14.577,0.025,0.393,0.035
HV 12197,2451093.75574,14.353,0.028,0.394,0.040
HV 12197,2451174.74014,14.554,0.008,0.413,0.011
HV 12197,2451175.68194,14.391,0.015,0.384,0.015
HV 12197,2451175.80746,14.341,0.021,0.451,0.028
HV 12197,2451176.69802,14.443,0.011,0.435,0.016
HV 12197,2451178.71864,14.415,0.003,0.347,0.006
HV 12197,2451179.72201,14.367,0.003,0.460,0.006
HV 12197,2451183.76053,14.541,0.025,0.577,0.035
HV 12197,2451184.76854,14.402,0.045,0.344,0.064
HV 12197,2451185.72760,14.442,0.021,0.413,0.030
HV 12197,2451204.74819,14.464,0.018,0.411,0.018
HV 12197,2451205.67326,14.527,0.004,0.444,0.006
HV 12197,2451206.67188,14.437,0.016,0.337,0.021
HV 12197,2451207.66798,14.372,0.005,0.445,0.005
HV 12197,2451208.67770,14.504,0.009,0.443,0.010
HV 12198,2450438.62043,14.378,0.012,0.411,0.017
HV 12198,2450438.74977,14.431,0.009,0.390,0.011
HV 12198,2450438.83155,14.428,0.018,0.405,0.026
HV 12198,2450439.55712,14.251,0.029,0.319,0.034
HV 12198,2450439.64676,14.267,0.027,0.302,0.033
HV 12198,2450439.75557,14.244,0.018,0.336,0.026
HV 12198,2450439.85394,14.271,0.021,0.287,0.033
HV 12198,2450440.54784,14.189,0.039,0.447,0.055
HV 12198,2450440.66497,14.234,0.033,0.426,0.047
HV 12198,2450440.77436,14.204,0.017,0.455,0.033
HV 12198,2450441.74460,14.318,0.018,0.446,0.018
HV 12198,2450441.87776,14.355,0.004,0.436,0.023
HV 12198,2450442.54827,14.419,0.039,0.364,0.055
HV 12198,2450442.66375,14.416,0.038,0.279,0.054
HV 12198,2450442.80668,14.345,0.015,0.303,0.021
HV 12198,2450819.53595,14.402,0.004,0.305,0.012
HV 12198,2450819.65548,14.340,0.064,0.322,0.091
HV 12198,2450819.73948,14.373,0.059,0.270,0.083
HV 12198,2450819.82571,14.318,0.008,0.290,0.019
HV 12198,2450820.59909,14.218,0.005,0.365,0.016
HV 12198,2450820.76229,14.241,0.008,0.378,0.011
HV 12198,2450821.58455,14.263,0.007,0.423,0.014
HV 12198,2450821.67349,14.257,0.007,0.434,0.019
HV 12198,2450821.76215,14.265,0.015,0.447,0.023
HV 12198,2450821.84967,14.261,0.025,0.448,0.029
HV 12198,2450822.58042,14.380,0.018,0.445,0.025
HV 12198,2450822.66643,14.433,0.005,0.451,0.012
HV 12198,2450822.81781,14.373,0.024,0.478,0.029
HV 12198,2450823.56831,14.269,0.008,0.314,0.012
HV 12198,2450823.65780,14.279,0.054,0.273,0.076
HV 12198,2450823.73563,14.263,0.018,0.326,0.022
HV 12198,2450824.57889,14.272,0.012,0.396,0.013
HV 12198,2450824.65966,14.225,0.008,0.442,0.018
HV 12198,2450824.76949,14.211,0.044,0.428,0.062
HV 12198,2451089.76096,14.313,0.059,0.429,0.083
HV 12198,2451091.72843,14.291,0.050,0.306,0.071
HV 12198,2451093.77004,14.342,0.035,0.463,0.049
HV 12198,2451174.75297,14.402,0.010,0.427,0.010
HV 12198,2451174.78517,14.424,0.010,0.389,0.011
HV 12198,2451175.69714,14.302,0.003,0.317,0.005
HV 12198,2451175.72971,14.305,0.015,0.303,0.017
HV 12198,2451176.70851,14.233,0.005,0.392,0.006
HV 12198,2451176.73898,14.225,0.007,0.418,0.009
HV 12198,2451178.72897,14.445,0.008,0.384,0.008
HV 12198,2451178.76025,14.431,0.007,0.415,0.009
HV 12198,2451179.74043,14.262,0.011,0.344,0.012
HV 12198,2451179.77307,14.228,0.001,0.383,0.005
HV 12198,2451183.77294,14.235,0.040,0.387,0.057
HV 12198,2451184.81715,14.359,0.043,0.389,0.061
HV 12198,2451185.74514,14.451,0.042,0.419,0.059
HV 12198,2451185.78135,14.421,0.038,0.424,0.054
HV 12198,2451204.76497,14.228,0.006,0.385,0.006
HV 12198,2451205.69064,14.258,0.002,0.449,0.003
HV 12198,2451205.74578,14.296,0.005,0.420,0.006
HV 12198,2451206.69263,14.450,0.003,0.407,0.004
HV 12198,2451206.76035,14.451,0.012,0.400,0.012
HV 12198,2451207.68151,14.261,0.004,0.343,0.004
HV 12198,2451207.74886,14.269,0.017,0.327,0.017
HV 12198,2451208.69182,14.253,0.003,0.393,0.007
HV 12198,2451208.75509,14.244,0.003,0.428,0.005
HV 12198,2451566.60760,14.287,0.052,0.369,0.074
HV 12198,2451566.75500,14.299,0.049,0.281,0.069
HV 12198,2451567.56080,14.248,0.049,0.369,0.069
HV 12198,2451567.60450,14.274,0.046,0.340,0.065
HV 12198,2451567.66660,14.192,0.040,0.426,0.057
HV 12198,2451567.71320,14.287,0.046,0.351,0.065
HV 12198,2451567.75880,14.244,0.051,0.381,0.072
HV 12198,2451568.62060,14.305,0.051,0.430,0.072
HV 12198,2451568.67050,14.273,0.044,0.440,0.062
HV 12198,2451568.70740,14.287,0.049,0.449,0.069
HV 12198,2451568.74410,14.291,0.052,0.437,0.074
HV 12198,2451568.78150,14.314,0.049,0.429,0.069
HV 12198,2451569.58880,14.399,0.053,0.475,0.075
HV 12198,2451569.62470,14.434,0.048,0.421,0.068
HV 12198,2451569.66080,14.482,0.046,0.414,0.065
HV 12198,2451569.69740,14.437,0.051,0.418,0.072
HV 12198,2451569.73420,14.384,0.055,0.447,0.078
HV 12198,2451569.77800,14.468,0.055,0.384,0.078
HV 12199,2450438.68703,14.722,0.025,0.596,0.026
HV 12199,2450438.78830,14.681,0.014,0.552,0.015
HV 12199,2450438.87683,14.590,0.007,0.525,0.037
HV 12199,2450439.59475,14.617,0.004,0.570,0.016
HV 12199,2450439.68461,14.690,0.027,0.618,0.033
HV 12199,2450439.79139,14.595,0.014,0.696,0.018
HV 12199,2450440.58965,14.691,0.019,0.739,0.024
HV 12199,2450440.70248,14.784,0.020,0.603,0.028
HV 12199,2450440.81953,14.793,0.005,0.652,0.015
HV 12199,2450441.78665,14.769,0.021,0.445,0.030
HV 12199,2450442.58665,14.636,0.007,0.667,0.021
HV 12199,2450442.71195,14.683,0.011,0.551,0.019
HV 12199,2450819.56392,14.577,0.024,0.630,0.031
HV 12199,2450819.66697,14.606,0.011,0.608,0.041
HV 12199,2450819.75408,14.578,0.007,0.673,0.019
HV 12199,2450819.83924,14.603,0.010,0.585,0.030
HV 12199,2450820.67084,14.775,0.020,0.582,0.030
HV 12199,2450820.74262,14.734,0.016,0.629,0.028
HV 12199,2450821.65265,14.650,0.015,0.483,0.030
HV 12199,2450821.74142,14.627,0.004,0.514,0.012
HV 12199,2450821.82782,14.613,0.023,0.573,0.029
HV 12199,2450822.64698,14.641,0.028,0.593,0.033
HV 12199,2450822.73675,14.648,0.018,0.683,0.025
HV 12199,2450822.80631,14.620,0.063,0.711,0.089
HV 12199,2450823.58191,14.776,0.011,0.633,0.032
HV 12199,2450823.66868,14.815,0.016,0.596,0.027
HV 12199,2450824.64601,14.599,0.006,0.606,0.046
HV 12199,2450824.72670,14.559,0.002,0.666,0.052
HV 12199,2451091.66107,14.643,0.053,0.598,0.075
HV 12199,2451092.72955,14.839,0.036,0.644,0.051
HV 12199,2451093.75574,14.644,0.029,0.580,0.041
HV 12199,2451174.74014,14.816,0.008,0.665,0.019
HV 12199,2451175.68194,14.613,0.008,0.597,0.011
HV 12199,2451175.80746,14.663,0.012,0.593,0.013
HV 12199,2451176.69857,14.674,0.008,0.692,0.010
HV 12199,2451178.71798,14.606,0.006,0.676,0.008
HV 12199,2451179.72201,14.728,0.002,0.764,0.006
HV 12199,2451184.76854,14.730,0.055,0.683,0.078
HV 12199,2451185.72760,14.743,0.044,0.482,0.062
HV 12199,2451204.74819,14.603,0.006,0.639,0.006
HV 12199,2451205.67326,14.679,0.006,0.682,0.007
HV 12199,2451206.67188,14.722,0.005,0.577,0.019
HV 12199,2451207.66798,14.611,0.001,0.655,0.005
HV 12199,2451208.67770,14.721,0.001,0.715,0.003
HV 12199,2451566.60760,14.590,0.064,0.696,0.091
HV 12199,2451566.75500,14.663,0.040,0.651,0.057
HV 12199,2451567.56080,14.794,0.052,0.668,0.074
HV 12199,2451567.60450,14.814,0.043,0.659,0.061
HV 12199,2451567.66660,14.784,0.035,0.685,0.049
HV 12199,2451567.71320,14.799,0.042,0.661,0.059
HV 12199,2451567.75880,14.779,0.051,0.718,0.072
HV 12199,2451568.62060,14.680,0.044,0.567,0.062
HV 12199,2451568.67050,14.629,0.045,0.593,0.064
HV 12199,2451568.70740,14.643,0.042,0.623,0.059
HV 12199,2451568.74410,14.686,0.033,0.582,0.047
HV 12199,2451568.78150,14.611,0.038,0.649,0.054
HV 12199,2451569.58880,14.636,0.040,0.684,0.057
HV 12199,2451569.62470,14.707,0.047,0.631,0.066
HV 12199,2451569.66080,14.619,0.039,0.731,0.055
HV 12199,2451569.69740,14.629,0.055,0.722,0.078
HV 12199,2451569.73420,14.678,0.041,0.702,0.058
HV 12199,2451569.77800,14.691,0.041,0.678,0.058
HV 12202,2451091.71177,14.353,0.044,0.369,0.062
HV 12202,2451092.74978,14.309,0.051,0.447,0.072
HV 12202,2451093.73321,14.377,0.029,0.458,0.041
HV 12202,2451174.72589,14.505,0.001,0.437,0.005
HV 12202,2451175.66523,14.367,0.007,0.373,0.008
HV 12202,2451176.68803,14.373,0.005,0.435,0.005
HV 12202,2451178.70640,14.431,0.006,0.331,0.010
HV 12202,2451179.70987,14.307,0.011,0.452,0.014
HV 12202,2451180.69521,14.443,0.020,0.460,0.022
HV 12202,2451181.74597,14.389,0.008,0.355,0.009
HV 12202,2451184.75011,14.489,0.049,0.286,0.069
HV 12202,2451185.71073,14.316,0.030,0.407,0.042
HV 12202,2451204.72680,14.359,0.016,0.447,0.017
HV 12202,2451205.65671,14.456,0.002,0.467,0.004
HV 12202,2451206.65784,14.412,0.004,0.335,0.006
HV 12202,2451207.65439,14.352,0.017,0.444,0.018
HV 12202,2451208.66659,14.452,0.007,0.447,0.009
HV 12202,2451566.60760,14.308,0.052,0.436,0.074
HV 12202,2451566.75500,14.318,0.044,0.356,0.062
HV 12202,2451567.56080,14.321,0.045,0.394,0.064
HV 12202,2451567.60450,14.317,0.044,0.422,0.062
HV 12202,2451567.66660,14.310,0.043,0.354,0.061
HV 12202,2451567.71320,14.310,0.044,0.445,0.062
HV 12202,2451567.75880,14.348,0.050,0.426,0.071
HV 12202,2451568.62060,14.443,0.045,0.458,0.064
HV 12202,2451568.67050,14.405,0.045,0.454,0.064
HV 12202,2451568.70740,14.490,0.046,0.428,0.065
HV 12202,2451568.74410,14.514,0.051,0.397,0.072
HV 12202,2451568.78150,14.529,0.047,0.391,0.066
HV 12202,2451569.58880,14.365,0.043,0.296,0.061
HV 12202,2451569.62470,14.335,0.042,0.348,0.059
HV 12202,2451569.66080,14.366,0.043,0.332,0.061
HV 12202,2451569.69740,14.375,0.043,0.333,0.061
HV 12202,2451569.73420,14.323,0.044,0.398,0.062
HV 12202,2451569.77800,14.318,0.044,0.409,0.062
HV 12203,2450438.66905,14.495,0.033,0.380,0.058
HV 12203,2450438.77521,14.500,0.022,0.414,0.040
HV 12203,2450438.85672,14.570,0.022,0.401,0.063
HV 12203,2450439.58374,14.548,0.003,0.446,0.018
HV 12203,2450439.67029,14.599,0.007,0.423,0.020
HV 12203,2450439.77982,14.590,0.008,0.433,0.013
HV 12203,2450440.57507,14.729,0.005,0.346,0.011
HV 12203,2450440.68839,14.637,0.009,0.324,0.011
HV 12203,2450440.80670,14.621,0.013,0.296,0.021
HV 12203,2450441.77321,14.558,0.010,0.352,0.029
HV 12203,2450442.57428,14.572,0.014,0.439,0.025
HV 12203,2450442.69282,14.646,0.019,0.410,0.024
HV 12203,2450442.85062,14.566,0.031,0.495,0.035
HV 12203,2450819.60078,14.550,0.023,0.389,0.027
HV 12203,2450819.69651,14.554,0.018,0.337,0.022
HV 12203,2450819.78232,14.540,0.028,0.359,0.031
HV 12203,2450820.64314,14.579,0.034,0.427,0.040
HV 12203,2450820.71564,14.610,0.011,0.392,0.013
HV 12203,2450820.83350,14.626,0.025,0.435,0.031
HV 12203,2450821.62617,14.730,0.004,0.353,0.010
HV 12203,2450821.71583,14.651,0.006,0.375,0.007
HV 12203,2450821.80202,14.684,0.007,0.305,0.019
HV 12203,2450822.62102,14.510,0.019,0.400,0.019
HV 12203,2450822.70863,14.519,0.012,0.367,0.013
HV 12203,2450822.77917,14.497,0.005,0.430,0.020
HV 12203,2450823.60905,14.598,0.021,0.407,0.023
HV 12203,2450823.69553,14.575,0.004,0.441,0.007
HV 12203,2450824.62069,14.723,0.015,0.392,0.015
HV 12203,2450824.70025,14.679,0.012,0.358,0.020
HV 12203,2450824.80779,14.671,0.017,0.288,0.029
HV 12203,2451174.72589,14.494,0.001,0.439,0.007
HV 12203,2451175.66523,14.611,0.020,0.443,0.022
HV 12203,2451176.68803,14.502,0.004,0.335,0.004
HV 12203,2451178.70640,14.648,0.006,0.430,0.009
HV 12203,2451179.70987,14.480,0.004,0.365,0.004
HV 12203,2451180.69320,14.488,0.010,0.418,0.010
HV 12203,2451181.74597,14.629,0.005,0.449,0.008
HV 12203,2451183.74456,14.496,0.028,0.439,0.040
HV 12203,2451184.75011,14.608,0.023,0.470,0.033
HV 12203,2451185.71073,14.468,0.029,0.344,0.041
HV 12203,2451204.72680,14.484,0.027,0.491,0.027
HV 12203,2451205.65671,14.638,0.003,0.417,0.006
HV 12203,2451206.65784,14.471,0.009,0.394,0.011
HV 12203,2451207.65202,14.490,0.002,0.505,0.009
HV 12203,2451208.66659,14.653,0.004,0.372,0.008
HV 12203,2451566.60760,14.525,0.034,0.339,0.048
HV 12203,2451566.75500,14.480,0.028,0.389,0.040
HV 12203,2451567.56080,14.502,0.029,0.412,0.041
HV 12203,2451567.60450,14.483,0.027,0.409,0.038
HV 12203,2451567.66660,14.545,0.034,0.457,0.048
HV 12203,2451567.71320,14.511,0.028,0.440,0.040
HV 12203,2451567.75880,14.494,0.033,0.473,0.047
HV 12203,2451568.62060,14.605,0.032,0.457,0.045
HV 12203,2451568.67050,14.614,0.025,0.471,0.035
HV 12203,2451568.70740,14.632,0.030,0.456,0.042
HV 12203,2451568.74410,14.675,0.030,0.431,0.042
HV 12203,2451568.78150,14.644,0.031,0.446,0.044
HV 12203,2451569.58880,14.553,0.026,0.336,0.037
HV 12203,2451569.62470,14.494,0.027,0.392,0.038
HV 12203,2451569.66080,14.527,0.029,0.349,0.041
HV 12203,2451569.69740,14.533,0.031,0.333,0.044
HV 12203,2451569.73420,14.544,0.023,0.347,0.033
HV 12203,2451569.77800,14.509,0.023,0.364,0.033
HV 12204,2450438.63716,14.109,0.002,0.449,0.040
HV 12204,2450438.73095,14.152,0.011,0.383,0.011
HV 12204,2450439.53484,14.253,0.042,0.404,0.059
HV 12204,2450439.63209,14.315,0.033,0.490,0.047
HV 12204,2450440.64707,14.346,0.034,0.312,0.048
HV 12204,2450440.76216,14.288,0.032,0.195,0.045
HV 12204,2450441.86520,14.172,0.035,0.322,0.049
HV 12204,2450819.62020,14.188,0.044,0.319,0.062
HV 12204,2450819.71578,14.192,0.042,0.350,0.059
HV 12204,2450819.80100,14.179,0.040,0.350,0.057
HV 12204,2450820.70622,14.214,0.042,0.468,0.059
HV 12204,2450821.70692,14.308,0.041,0.507,0.058
HV 12204,2450821.79305,14.340,0.039,0.479,0.055
HV 12204,2450822.61165,14.200,0.039,0.256,0.055
HV 12204,2450822.70052,14.219,0.037,0.251,0.052
HV 12204,2450823.62145,14.157,0.066,0.398,0.093
HV 12204,2450823.78019,14.230,0.041,0.388,0.058
HV 12204,2450824.61160,14.233,0.038,0.463,0.054
HV 12204,2451091.71177,14.172,0.037,0.376,0.052
HV 12204,2451092.74978,14.256,0.046,0.431,0.065
HV 12204,2451093.73321,14.384,0.033,0.468,0.047
HV 12204,2451174.72589,14.168,0.000,0.423,0.006
HV 12204,2451175.66523,14.366,0.002,0.386,0.003
HV 12204,2451176.68803,14.236,0.006,0.234,0.006
HV 12204,2451178.70640,14.238,0.002,0.425,0.002
HV 12204,2451179.70987,14.455,0.004,0.403,0.007
HV 12204,2451180.69320,14.180,0.001,0.301,0.004
HV 12204,2451181.74597,14.219,0.002,0.402,0.002
HV 12204,2451183.74456,14.187,0.032,0.249,0.045
HV 12204,2451184.75011,14.153,0.048,0.404,0.068
HV 12204,2451185.71073,14.224,0.035,0.474,0.049
HV 12204,2451204.72680,14.175,0.004,0.315,0.005
HV 12204,2451205.65671,14.199,0.001,0.377,0.005
HV 12204,2451206.65784,14.300,0.002,0.439,0.002
HV 12204,2451207.65132,14.208,0.009,0.234,0.009
HV 12204,2451208.66659,14.164,0.003,0.359,0.004
HV 12204,2451566.60760,14.149,0.046,0.435,0.065
HV 12204,2451566.75500,14.187,0.040,0.402,0.057
HV 12204,2451567.66660,14.353,0.041,0.355,0.058
HV 12204,2451567.71320,14.312,0.042,0.421,0.059
HV 12204,2451567.75880,14.371,0.045,0.375,0.064
HV 12204,2451568.62060,14.313,0.039,0.311,0.055
HV 12204,2451569.58880,14.195,0.038,0.311,0.054
HV 12204,2451569.62470,14.202,0.045,0.317,0.064
